set dateformat ymd;

INSERT INTO Usuario VALUES
(1, 'JuanPerez', 'juan@gmail.com', 'clave123', '2023-01-01', 'juan.jpg'),
(2, 'MariaGomez', 'maria@yahoo.com', 'password456', '2023-02-15', 'maria.jpg'),
(3, 'CarlosLopez', 'carlos@hotmail.com', 'secure789', '2023-03-20', 'carlos.jpg'),
(4, 'LauraMartinez', 'laura@gmail.com', 'key432', '2023-04-10', 'laura.jpg'),
(5, 'AnaRodriguez', 'ana@gmail.com', 'access321', '2023-05-05', 'ana.jpg'),
(6, 'GabrielTorres', 'gabriel@yahoo.com', 'passcode987', '2023-06-12', 'gabriel.jpg'),
(7, 'SofiaHernandez', 'sofia@hotmail.com', 'locked654', '2023-07-18', 'sofia.jpg'),
(8, 'PedroGarcia', 'pedro@gmail.com', 'secret876', '2023-08-25', 'pedro.jpg'),
(9, 'IsabelDiaz', 'isabel@yahoo.com', 'private123', '2023-09-30', 'isabel.jpg'),
(10, 'HectorRamirez', 'hector@hotmail.com', 'hidden789', '2023-10-15', 'hector.jpg'),
(11, 'CarmenLuna', 'carmen@gmail.com', 'confidential567', '2023-11-01', 'carmen.jpg'),
(12, 'DiegoSantos', 'diego@yahoo.com', 'secure876', '2023-12-05', 'diego.jpg'),
(13, 'ElenaRios', 'elena@hotmail.com', 'pass1234', '2024-01-10', 'elena.jpg'),
(14, 'MartinFernandez', 'martin@gmail.com', 'key789', '2024-02-20', 'martin.jpg');

INSERT INTO Sigue VALUES
(1, 2),
(2, 3),
(3, 4),
(4, 5),
(5, 6),
(6, 7),
(7, 8),
(8, 9),
(9, 10),
(10, 11);

INSERT INTO Tecnologia VALUES
(1, 'Inteligencia Artificial', 'AA'),
(2, 'Procesamiento de Lenguaje Natural', 'PLN'),
(3, 'Visión por Computadora', 'VC'),
(4, 'Otros', 'O'),
(5, 'Machine Learning', 'AA'),
(6, 'Redes Neuronales', 'AA'),
(7, 'Procesamiento de Imágenes', 'VC'),
(8, 'Procesamiento de Sonido', 'O'),
(9, 'Análisis de Datos', 'O'),
(10, 'Automatización', 'O');

INSERT INTO Video VALUES 
(1, 'Introducción a IA', '2023-01-05', 600, 10000, 8500, 1, 1),
(2, 'PLN en la vida cotidiana', '2023-02-10', 450, 8000, 7200, 1, 2),
(3, 'VC: Más allá de las imágenes', '2023-03-15', 720, 12000, 10500, 1, 3),
(4, 'Aprendizaje Automático en acción', '2023-04-20', 800, 15000, 13200, 4, 1),
(5, 'Redes Neuronales explicadas', '2023-05-25', 550, 9000, 8000, 4, 1),
(6, 'Cómo procesar imágenes como un profesional', '2023-06-30', 680, 11000, 9800, 6, 3),
(7, 'Automatización: Simplificando tareas', '2023-07-05', 720, 10000, 8800, 2, 10),
(8, 'Análisis de Datos paso a paso', '2023-08-10', 500, 12000, 10500, 8, 9),
(9, 'Machine Learning para principiantes', '2023-09-15', 600, 13000, 11500, 9, 1),
(10, 'Cómo construir tu propia red neuronal', '2023-10-20', 700, 11000, 9800, 10, 6),
(11, 'IA en la medicina moderna', '2023-11-25', 750, 14000, 12500, 11, 1),
(12, 'PLN y las redes sociales', '2023-12-30', 480, 9500, 8400, 12, 2),
(13, 'VC aplicada a la seguridad', '2024-01-04', 720, 12000, 10500, 13, 3),
(14, 'Aprendizaje Automático en finanzas', '2024-02-08', 800, 16000, 14200, 14, 1),
(15, 'Redes Neuronales en la música', '2024-03-15', 600, 10000, 8800, 1, 1),
(16, 'Cómo mejorar tus fotos con VC', '2024-04-20', 540, 11000, 9800, 6, 3),
(17, 'Automatización en el hogar', '2024-05-25', 700, 12000, 10500, 3, 10),
(18, 'Análisis de Datos para negocios', '2024-06-30', 480, 13000, 11500, 4, 9),
(19, 'Machine Learning en la industria', '2024-07-05', 600, 14000, 12500, 5, 1),
(20, 'Cómo entrenar a tu red neuronal', '2022-04-29', 720, 11000, 9800, 6, 6),
(21, 'IA en la educación', '2024-09-15', 750, 15000, 13200, 7, 1),
(22, 'PLN para traducción automática', '2024-10-20', 500, 9500, 8400, 8, 2),
(23, 'VC en la vigilancia urbana', '2024-11-25', 680, 12000, 10500, 9, 3),
(24, 'Aprendizaje Automático en marketing', '2024-12-30', 800, 16000, 14200, 10, 1),
(25, 'Redes Neuronales y la creatividad', '2025-01-04', 600, 10000, 8800, 11, 1),
(26, 'Cómo reconocer objetos con VC', '2025-02-08', 540, 11000, 9800, 3, 3),
(27, 'Automatización en la agricultura', '2025-03-15', 700, 12000, 10500, 13, 10),
(28, 'Análisis de Datos en ciencia', '2025-04-20', 480, 13000, 11500, 14, 9),
(29, 'Machine Learning en la salud', '2025-05-25', 600, 14000, 12500, 1, 1),
(30, 'Cómo mejorar tu música con IA', '2022-01-29', 720, 11000, 9800, 9, 6),
(31, 'PLN y la detección de mentiras', '2025-07-05', 750, 15000, 13200, 12, 2),
(32, 'VC para reconocimiento facial', '2025-08-10', 500, 9500, 8400, 3, 3),
(33, 'Aprendizaje Automático en e-commerce', '2025-09-15', 680, 12000, 10500, 3, 1),
(34, 'Redes Neuronales y la escritura', '2025-10-20', 800, 16000, 14200, 3, 1),
(35, 'IA y el arte contemporáneo', '2025-11-25', 600, 10000, 8800, 3, 1),
(36, 'Cómo analizar imágenes con VC', '2025-12-30', 540, 11000, 9800, 3, 3),
(37, 'Automatización en la logística', '2026-01-04', 700, 12000, 10500, 3, 10),
(38, 'Análisis de Datos en deportes', '2026-02-08', 480, 13000, 11500, 3, 9),
(39, 'Machine Learning en la moda', '2022-01-18', 600, 14000, 12500, 3, 1),
(40, 'Cómo crear arte con redes neuronales', '2022-02-10', 720, 11000, 9800, 3, 6);

INSERT INTO Comentario VALUES
(1, '¡Excelente video!', '2023-01-10', 1, 2),
(2, 'Me encanta este tema.', '2023-02-15', 3, 2),
(3, 'Muy interesante el deep learning.', '2023-03-20', 3, 3),
(4, '¿Alguien más lo vio? ¡Dejen sus comentarios!', '2023-04-25', 4, 4),
(5, 'Necesito aprender más sobre esto.', '2023-05-30', 5, 5),
(6, 'me gustan las redes neuronales', '2023-06-05', 6, 6),
(7, '¡Impresionante!', '2023-07-10', 14, 7),
(8, 'Me gustaría ver más ejemplos prácticos.', '2023-08-15', 8, 8),
(9, '¿Cómo puedo aplicar esto en mi trabajo?', '2023-09-20', 9, 9),
(10, 'Gracias por compartir tu conocimiento.', '2023-10-25', 10, 10),
(11, 'La medicina y la IA hacen un gran equipo.', '2023-11-30', 11, 11),
(12, '¿Hay alguna aplicación práctica?', '2023-12-05', 12, 12),
(15, 'La música y la inteligencia artificial', '2024-03-20', 1, 15),
(16, 'Mis fotos definitivamente necesitan esto.', '2024-04-25', 3, 16),
(17, 'La automatización en el hogar es el futuro.', '2024-05-30', 3, 17),
(18, '¿Cuál es la aplicación práctica?', '2024-06-05', 4, 18),
(19, 'El aprendizaje automático es fascinante.', '2024-07-10', 5, 19),
(20, '¿Algún consejo para entrenar una red neuronal?', '2024-08-15', 10, 20),
(21, 'La inteligencia artificial en la educación.', '2024-09-20', 7, 21),
(22, 'PLN para traducción automática, ¡una necesidad!', '2024-10-25', 8, 22),
(23, 'La vigilancia urbana se beneficia mucho de la VC.', '2024-11-30', 9, 23),
(24, 'El marketing y el aprendizaje automático', '2024-12-05', 10, 24),
(25, 'La creatividad de las redes neuronales es asombrosa.', '2025-01-10', 11, 25),
(26, 'Reconocer objetos con VC, ¡increíble tecnología!', '2025-02-15', 12, 26),
(27, 'La automatización en la agricultura mejora la eficiencia.', '2025-03-20', 13, 27),
(28, 'El análisis de datos en ciencia es esencial', '2025-04-25', 14, 28),
(29, 'La inteligencia artificial en la salud salva vidas.', '2025-05-30', 1, 29),
(30, 'La IA puede transformar la música', '2025-06-05', 3, 30),
(31, 'PLN y la detección de mentiras', '2025-07-10', 3, 31),
(32, 'La VC en el reconocimiento facial está en todas partes.', '2025-08-15', 4, 32),
(33, 'El e-commerce se beneficia mucho', '2025-09-20', 9, 33),
(34, 'Las redes neuronales también pueden escribir, ¡increíble!', '2025-10-25', 6, 34),
(35, 'El arte contemporáneo y la IA, una combinación única.', '2025-11-30', 7, 35),
(36, 'Cómo analizar imágenes con VC', '2025-12-30', 8, 36),
(37, 'Automatización en la logística', '2026-01-04', 9, 37),
(38, 'Análisis de Datos en deportes', '2026-02-08', 10, 38),
(39, 'Machine Learning en la moda', '2026-03-15', 11, 39),
(40, 'Cómo crear arte con redes neuronales', '2026-04-20', 12, 40);

INSERT INTO Comunidad VALUES 
('InteligenciaArtificial', 'Comunidad dedicada a la IA.'),
('Programacion', 'Espacio para discutir sobre lenguajes de prog.'),
('CienciaDatos', 'Comunidad para compartir en cienca de datos.'),
('Tecnologia', 'Discusiones sobre tendencias y avances.'),
('DesarrolloWeb', 'Comunidad para desarrolladores web.'),
('MachineLearning', 'Explorando el mundo del machine learning'),
('Innovacion', 'innovación tecnológica.'),
('SeguridadInformatica', 'seguridad informática y ciberseguridad.'),
('ArteDigital', 'Donde artistas digitales comparten creaciones.'),
('Emprendimiento', 'Para emprendedores buscando consejos.'),
('MedicinaTecnologica', 'Explorando cosas entre medicina y tecnología.'),
('EducacionOnline', 'estudiantes y educadores interesados en educación.'),
('Videojuegos', 'Donde amantes de videojuegos se reúnen.'),
('CineTecnologico', 'Para cinéfilos interesados en la tecnología.');

INSERT INTO Pertenece VALUES
('InteligenciaArtificial', 1),
('InteligenciaArtificial', 12),
('InteligenciaArtificial', 2),
('InteligenciaArtificial', 3),
('InteligenciaArtificial', 4),
('InteligenciaArtificial', 5),
('InteligenciaArtificial', 7),
('InteligenciaArtificial', 10),
('InteligenciaArtificial', 14),
('InteligenciaArtificial', 9),
('InteligenciaArtificial', 11),
('Programacion', 1),
('CienciaDatos', 1),
('Tecnologia', 2),
('DesarrolloWeb', 2),
('MachineLearning', 5),
('Innovacion', 10),
('SeguridadInformatica', 10),
('ArteDigital', 11),
('Emprendimiento', 11),
('MedicinaTecnologica', 11),
('EducacionOnline', 11),
('Videojuegos', 14),
('Innovacion', 11),
('DesarrolloWeb', 11)